{
    "2023_01_to_10_jan": [
      {
        "company_id": "1",
        "actual_amount": "1000000",
        "company_name": "Dosti_company"
      },
      {
        "company_id": "5",
        "actual_amount": "300000",
        "company_name": "Raunak Group Company"
      },
      {
        "company_id": "2",
        "actual_amount": "500000",
        "company_name": "Puranics grand central"
      },
      {
        "company_id": "3",
        "actual_amount": "750000",
        "company_name": "Mahindra Happinest"
      },
      {
        "company_id": "9",
        "actual_amount": "1200000",
        "company_name": "Godrej Partner Connect"
      },
      {
        "company_id": "12",
        "actual_amount": "450000",
        "company_name": "Raymond REALTY"
      },
      {
        "company_id": "15",
        "actual_amount": "800000",
        "company_name": "RUNWAL Group"
      },
      {
        "company_id": "18",
        "actual_amount": "600000",
        "company_name": "Prestige Group"
      }
    ],
    "2023_11_to_20_feb": [
      {
        "company_id": "1",
        "actual_amount": "1000000",
        "company_name": "Dosti_company"
      },
      {
        "company_id": "5",
        "actual_amount": "300000",
        "company_name": "Raunak Group Company"
      },
      {
        "company_id": "2",
        "actual_amount": "500000",
        "company_name": "Puranics grand central"
      },
      {
        "company_id": "3",
        "actual_amount": "750000",
        "company_name": "Mahindra Happinest"
      },
      {
        "company_id": "9",
        "actual_amount": "1200000",
        "company_name": "Godrej Partner Connect"
      },
      {
        "company_id": "12",
        "actual_amount": "450000",
        "company_name": "Raymond REALTY"
      },
      {
        "company_id": "15",
        "actual_amount": "800000",
        "company_name": "RUNWAL Group"
      },
      {
        "company_id": "18",
        "actual_amount": "600000",
        "company_name": "Prestige Group"
      }
    ],
    "2023_20_to_30_mar": [
      {
        "company_id": "1",
        "actual_amount": "1000000",
        "company_name": "Dosti_company"
      },
      {
        "company_id": "5",
        "actual_amount": "300000",
        "company_name": "Raunak Group Company"
      },
      {
        "company_id": "2",
        "actual_amount": "500000",
        "company_name": "Puranics grand central"
      },
      {
        "company_id": "3",
        "actual_amount": "750000",
        "company_name": "Mahindra Happinest"
      },
      {
        "company_id": "9",
        "actual_amount": "1200000",
        "company_name": "Godrej Partner Connect"
      },
      {
        "company_id": "12",
        "actual_amount": "450000",
        "company_name": "Raymond REALTY"
      },
      {
        "company_id": "15",
        "actual_amount": "800000",
        "company_name": "RUNWAL Group"
      },
      {
        "company_id": "18",
        "actual_amount": "600000",
        "company_name": "Prestige Group"
      }
    ],
    "2023_01_to_10_apr": [
      {
        "company_id": "4",
        "actual_amount": "200000",
        "company_name": "PQR Industries"
      },
      {
        "company_id": "6",
        "actual_amount": "400000",
        "company_name": "LMN Enterprises"
      },
      {
        "company_id": "7",
        "actual_amount": "900000",
        "company_name": "JKL Corporation"
      },
      {
        "company_id": "10",
        "actual_amount": "300000",
        "company_name": "MNO Ltd."
      },
      {
        "company_id": "13",
        "actual_amount": "700000",
        "company_name": "GHI Group"
      },
      {
        "company_id": "16",
        "actual_amount": "150000",
        "company_name": "STU Industries"
      },
      {
        "company_id": "19",
        "actual_amount": "850000",
        "company_name": "VWX Corporation"
      },
      {
        "company_id": "22",
        "actual_amount": "550000",
        "company_name": "YZ Company"
      }
    ],
    "2023_11_to_20_may": [
      {
        "company_id": "1",
        "actual_amount": "1000000",
        "company_name": "Dosti_company"
      },
      {
        "company_id": "5",
        "actual_amount": "300000",
        "company_name": "Raunak Group Company"
      },
      {
        "company_id": "2",
        "actual_amount": "500000",
        "company_name": "Puranics grand central"
      },
      {
        "company_id": "3",
        "actual_amount": "750000",
        "company_name": "Mahindra Happinest"
      },
      {
        "company_id": "9",
        "actual_amount": "1200000",
        "company_name": "Godrej Partner Connect"
      },
      {
        "company_id": "12",
        "actual_amount": "450000",
        "company_name": "Raymond REALTY"
      },
      {
        "company_id": "15",
        "actual_amount": "800000",
        "company_name": "RUNWAL Group"
      },
      {
        "company_id": "18",
        "actual_amount": "600000",
        "company_name": "Prestige Group"
      }
    ],
    "2023_20_to_30_jun": [
      {
        "company_id": "1",
        "actual_amount": "1000000",
        "company_name": "Dosti_company"
      },
      {
        "company_id": "5",
        "actual_amount": "300000",
        "company_name": "Raunak Group Company"
      },
      {
        "company_id": "2",
        "actual_amount": "500000",
        "company_name": "Puranics grand central"
      },
      {
        "company_id": "3",
        "actual_amount": "750000",
        "company_name": "Mahindra Happinest"
      },
      {
        "company_id": "9",
        "actual_amount": "1200000",
        "company_name": "Godrej Partner Connect"
      },
      {
        "company_id": "12",
        "actual_amount": "450000",
        "company_name": "Raymond REALTY"
      },
      {
        "company_id": "15",
        "actual_amount": "800000",
        "company_name": "RUNWAL Group"
      },
      {
        "company_id": "18",
        "actual_amount": "600000",
        "company_name": "Prestige Group"
      }
    ],
    "2023_01_to_10_jul": [
      {
        "company_id": "4",
        "actual_amount": "200000",
        "company_name": "PQR Industries"
      },
      {
        "company_id": "6",
        "actual_amount": "400000",
        "company_name": "LMN Enterprises"
      },
      {
        "company_id": "7",
        "actual_amount": "900000",
        "company_name": "JKL Corporation"
      },
      {
        "company_id": "10",
        "actual_amount": "300000",
        "company_name": "MNO Ltd."
      },
      {
        "company_id": "13",
        "actual_amount": "700000",
        "company_name": "GHI Group"
      },
      {
        "company_id": "16",
        "actual_amount": "150000",
        "company_name": "STU Industries"
      },
      {
        "company_id": "19",
        "actual_amount": "850000",
        "company_name": "VWX Corporation"
      },
      {
        "company_id": "22",
        "actual_amount": "550000",
        "company_name": "YZ Company"
      }
    ],
    "2023_11_to_20_aug": [
      {
        "company_id": "1",
        "actual_amount": "1000000",
        "company_name": "Dosti_company"
      },
      {
        "company_id": "5",
        "actual_amount": "300000",
        "company_name": "Raunak Group Company"
      },
      {
        "company_id": "2",
        "actual_amount": "500000",
        "company_name": "Puranics grand central"
      },
      {
        "company_id": "3",
        "actual_amount": "750000",
        "company_name": "Mahindra Happinest"
      },
      {
        "company_id": "9",
        "actual_amount": "1200000",
        "company_name": "Godrej Partner Connect"
      },
      {
        "company_id": "12",
        "actual_amount": "450000",
        "company_name": "Raymond REALTY"
      },
      {
        "company_id": "15",
        "actual_amount": "800000",
        "company_name": "RUNWAL Group"
      },
      {
        "company_id": "18",
        "actual_amount": "600000",
        "company_name": "Prestige Group"
      }
    ],
    "2023_20_to_30_sep": [
      {
        "company_id": "1",
        "actual_amount": "1000000",
        "company_name": "Dosti_company"
      },
      {
        "company_id": "5",
        "actual_amount": "300000",
        "company_name": "Raunak Group Company"
      },
      {
        "company_id": "2",
        "actual_amount": "500000",
        "company_name": "Puranics grand central"
      },
      {
        "company_id": "3",
        "actual_amount": "750000",
        "company_name": "Mahindra Happinest"
      },
      {
        "company_id": "9",
        "actual_amount": "1200000",
        "company_name": "Godrej Partner Connect"
      },
      {
        "company_id": "12",
        "actual_amount": "450000",
        "company_name": "Raymond REALTY"
      },
      {
        "company_id": "15",
        "actual_amount": "800000",
        "company_name": "RUNWAL Group"
      },
      {
        "company_id": "18",
        "actual_amount": "600000",
        "company_name": "Prestige Group"
      }
    ],
    "2023_01_to_10_oct": [
      {
        "company_id": "4",
        "actual_amount": "200000",
        "company_name": "PQR Industries"
      },
      {
        "company_id": "6",
        "actual_amount": "400000",
        "company_name": "LMN Enterprises"
      },
      {
        "company_id": "7",
        "actual_amount": "900000",
        "company_name": "JKL Corporation"
      },
      {
        "company_id": "10",
        "actual_amount": "300000",
        "company_name": "MNO Ltd."
      },
      {
        "company_id": "13",
        "actual_amount": "700000",
        "company_name": "GHI Group"
      },
      {
        "company_id": "16",
        "actual_amount": "150000",
        "company_name": "STU Industries"
      },
      {
        "company_id": "19",
        "actual_amount": "850000",
        "company_name": "VWX Corporation"
      },
      {
        "company_id": "22",
        "actual_amount": "550000",
        "company_name": "YZ Company"
      }
    ],
    "2023_11_to_20_nov": [
      {
        "company_id": "1",
        "actual_amount": "1000000",
        "company_name": "Dosti_company"
      },
      {
        "company_id": "5",
        "actual_amount": "300000",
        "company_name": "Raunak Group Company"
      },
      {
        "company_id": "2",
        "actual_amount": "500000",
        "company_name": "Puranics grand central"
      },
      {
        "company_id": "3",
        "actual_amount": "750000",
        "company_name": "Mahindra Happinest"
      },
      {
        "company_id": "9",
        "actual_amount": "1200000",
        "company_name": "Godrej Partner Connect"
      },
      {
        "company_id": "12",
        "actual_amount": "450000",
        "company_name": "Raymond REALTY"
      },
      {
        "company_id": "15",
        "actual_amount": "800000",
        "company_name": "RUNWAL Group"
      },
      {
        "company_id": "18",
        "actual_amount": "600000",
        "company_name": "Prestige Group"
      }
    ],
    "2023_20_to_30_dec": [
      {
        "company_id": "1",
        "actual_amount": "1000000",
        "company_name": "Dosti_company"
      },
      {
        "company_id": "5",
        "actual_amount": "300000",
        "company_name": "Raunak Group Company"
      },
      {
        "company_id": "2",
        "actual_amount": "500000",
        "company_name": "Puranics grand central"
      },
      {
        "company_id": "3",
        "actual_amount": "750000",
        "company_name": "Mahindra Happinest"
      },
      {
        "company_id": "9",
        "actual_amount": "1200000",
        "company_name": "Godrej Partner Connect"
      },
      {
        "company_id": "12",
        "actual_amount": "450000",
        "company_name": "Raymond REALTY"
      },
      {
        "company_id": "15",
        "actual_amount": "800000",
        "company_name": "RUNWAL Group"
      },
      {
        "company_id": "18",
        "actual_amount": "600000",
        "company_name": "Prestige Group"
      }
    ]
  }