[
  {
    "branch": "Thane",
    "id": "1",
    "developers": [
      {
        "id": "1",
        "name": "Puraniks Developer",
        "companies": [
          {
            "name": "Puraniks_Developer_company",
            "projects": [
              {
                "name": "Puranik Grand Central",
                "total_sale": "5000000",
                "borkerage_percent": "2.50",
                "Realized_Amount": 12500000,
                "Net_Revenue": 3000,
                "cashback": 2000
              },
              {
                "name": "Puranik City Reserv",
                "total_sale": "6000000",
                "borkerage_percent": "2.50",
                "Realized_Amount": 12500000,
                "Net_Revenue": 3000,
                "cashback": 2000
              }
            ]
          }
        ]
      },
      {
        "id": "2",
        "name": "Dosti",
        "companies": [
          {
            "name": "Dosti_company",
            "projects": [
              {
                "name": "Dosti Eden",
                "total_sale": "5000000",
                "borkerage_percent": "2.50",
                "Realized_Amount": 12500000,
                "Net_Revenue": 3000,
                "cashback": 2000
              },
              {
                "name": "Dosti Blue Circle",
                "total_sale": "6000000",
                "borkerage_percent": "2.50",
                "Realized_Amount": 12500000,
                "Net_Revenue": 3000,
                "cashback": 2000
              },
              {
                "name": "DOSTI GREATER THANE ",
                "total_sale": "6000000",
                "borkerage_percent": "2.50",
                "Realized_Amount": 12500000,
                "Net_Revenue": 3000,
                "cashback": 2000
              }
            ]
          }
        ]
      }
    ]
  },
  {
    "branch": "Mumbai",
    "id": "1",
    "developers": [
      {
        "id": "1",
        "name": "Puraniks Developer",
        "companies": [
          {
            "name": "Puraniks_Developer_company",
            "projects": [
              {
                "name": "Puranik Grand Central",
                "total_sale": "5000000",
                "borkerage_percent": "2.50",
                "Realized_Amount": 12500000,
                "Net_Revenue": 3000,
                "cashback": 2000
              },
              {
                "name": "Puranik City Reserv",
                "total_sale": "6000000",
                "borkerage_percent": "2.50",
                "Realized_Amount": 12500000,
                "Net_Revenue": 3000,
                "cashback": 2000
              }
            ]
          }
        ]
      },
      {
        "id": "2",
        "name": "Dosti",
        "companies": [
          {
            "name": "Dosti_company",
            "projects": [
              {
                "name": "Dosti Eden",
                "total_sale": "5000000",
                "borkerage_percent": "2.50",
                "Realized_Amount": 12500000,
                "Net_Revenue": 3000,
                "cashback": 2000
              },
              {
                "name": "Dosti Blue Circle",
                "total_sale": "6000000",
                "borkerage_percent": "2.50",
                "Realized_Amount": 12500000,
                "Net_Revenue": 3000,
                "cashback": 2000
              },
              {
                "name": "DOSTI GREATER THANE ",
                "total_sale": "6000000",
                "borkerage_percent": "2.50",
                "Realized_Amount": 12500000,
                "Net_Revenue": 3000,
                "cashback": 2000
              }
            ]
          }
        ]
      }
    ]
  },
  {
    "branch": "Pune",
    "id": "3",
    "developers": [
      {
        "id": "11",
        "name": "GODREJ",
        "companies": [
          {
            "name": "GODREJ Partner Connect",
            "projects": [
              {
                "name": "GODREJ River Hills",
                "total_sale": "5400000",
                "borkerage_percent": "2.00",
                "Realized_Amount": 12960000,
                "Net_Revenue": 1000,
                "cashback": 2000
              },
              {
                "name": "GODREJ WOODSVILLE",
                "total_sale": "5900000",
                "borkerage_percent": "2.25",
                "Realized_Amount": 13387500,
                "Net_Revenue": 500,
                "cashback": 2000
              }
            ]
          }
        ]
      }
    ]
  },
  {
    "branch": "Beyond Thane (Kalyan)",
    "id": "5",
    "developers": [
      {
        "id": "4",
        "name": "Lodha",
        "companies": [
          {
            "name": "LODHA CROWN",
            "projects": [
              {
                "name": "LODHA CROWN",
                "total_sale": "5100000",
                "borkerage_percent": "2.50",
                "Realized_Amount": 12750000,
                "Net_Revenue": 1500,
                "cashback": 2000
              }
            ]
          }
        ]
      }
    ]
  }
]
